,type,iLTs,miLT,ACR,net_delay,no_click,TCiL,subject, #THIS DATA IS NOT MINE ALL CREDITS DUE TO Jahromi et al.,
0,map,"[6055, 1845, 4304]",4068.0,1,600ms,11,3,1
1,map,[],,1,1500ms,12,0,1
2,map,[],,1,2000ms,12,0,1
3,map,"[3798, 3253, 1626, 3003]",2920.0,1,400ms,11,4,1
4,map,"[1159, 1023, 954, 237, 338, 235, 465, 250, 565]",580.6666666666666,1,110ms,9,9,1
5,map,"[8292, 7716, 3714]",6574.0,1,850ms,10,3,1
6,map,[10789],10789.0,1,1100ms,13,1,1
7,map,"[692, 11, 88, 92, 16, 22, 35, 16, 34, 34, 32, 124, 83]",98.38461538461539,2,1ms,12,13,1
8,sat,[13063],13063.0,1,1100ms,17,1,1
9,sat,[],,1,2000ms,9,0,1
10,sat,"[7261, 7233, 7502]",7332.0,2,600ms,12,3,1
11,sat,"[1374, 1342, 1872, 477, 599, 345, 677]",955.1428571428571,4,110ms,9,7,1
12,sat,[],,1,1500ms,4,0,1
13,sat,"[495, 600, 1216, 162, 251, 18, 81, 177, 152, 221]",337.3,4,1ms,8,10,1
14,sat,"[4613, 4849, 2434, 4247]",4035.75,2,400ms,12,4,1
15,sat,[],,1,850ms,11,0,1
16,map,"[170, 152, 89, 110, 56, 29, 47, 152, 16, 95, 77, 31, 46, 32, 44, 27, 118, 15]",72.55555555555556,4,1ms,10,18,2
17,map,"[8588, 7672, 6518, 5982]",7190.0,3,850ms,13,4,2
18,map,"[9212, 9792]",9502.0,3,1100ms,15,2,2
19,map,[3040],3040.0,2,1500ms,23,1,2
20,map,[10944],10944.0,1,2000ms,44,1,2
21,map,"[4307, 3635, 3232, 806, 2827]",2961.4,3,400ms,16,5,2
22,map,"[5789, 5467, 1758, 1210, 1221]",3089.0,3,600ms,31,5,2
23,map,"[1138, 1080, 938, 234, 235, 244, 300, 865, 659]",632.5555555555555,3,110ms,16,9,2
24,sat,"[1297, 1358, 1867, 686, 785, 544, 487]",1003.4285714285714,2,110ms,14,7,2
25,sat,[],,1,1500ms,11,0,2
26,sat,[],,1,2000ms,12,0,2
27,sat,[],,1,1100ms,20,0,2
28,sat,[],,2,600ms,39,0,2
29,sat,"[4832, 4835, 1543]",3736.6666666666665,2,400ms,15,3,2
30,sat,"[666, 438, 1198, 80, 72, 228, 13, 169, 217, 144, 46, 108, 205, 324, 109]",267.8,3,1ms,12,15,2
31,sat,[],,1,850ms,30,0,2
32,map,"[4099, 3633, 3277, 1716, 851, 3831]",2901.1666666666665,4,400ms,8,6,3
33,map,"[13663, 6020, 3030, 12546]",8814.75,2,1500ms,9,4,3
34,map,"[966, 150, 116, 123, 17, 31, 77]",211.42857142857142,5,1ms,7,7,3
35,map,"[11051, 9925, 9188]",10054.666666666666,2,1100ms,7,3,3
36,map,"[19783, 16511]",18147.0,2,2000ms,8,2,3
37,map,"[8579, 7682, 7441]",7900.666666666667,2,850ms,6,3,3
38,map,"[6033, 5428, 3541, 2416]",4354.5,3,600ms,7,4,3
39,map,"[1136, 952, 798, 457, 344]",737.4,5,110ms,6,5,3
40,sat,"[490, 443, 569, 145, 206, 612, 37, 770, 356, 176]",380.4,5,1ms,9,10,3
41,sat,"[18025, 10954, 6052]",11677.0,1,1500ms,9,3,3
42,sat,"[6976, 7237, 10274]",8162.333333333333,2,600ms,6,3,3
43,sat,"[1380, 1363, 1374, 1948, 458, 513, 474, 1535]",1130.625,4,110ms,8,8,3
44,sat,[25000],25000.0,1,2000ms,8,1,3
45,sat,[13417],13417.0,1,1100ms,7,1,3
46,sat,"[10219, 13186, 3439, 4010]",7713.5,1,850ms,9,4,3
47,sat,"[4851, 4973, 7567]",5797.0,2,400ms,6,3,3
48,map,"[1140, 1029, 1037, 947, 242, 282]",779.5,4,110ms,7,6,4
49,map,"[271, 156, 88, 120, 11, 41, 11, 23, 61, 13, 193]",89.81818181818181,5,1ms,7,11,4
50,map,"[8267, 7685, 7140, 7852]",7736.0,2,850ms,8,4,4
51,map,"[14441, 13161, 14977]",14193.0,2,1800ms,9,3,4
52,map,"[19770, 18034]",18902.0,1,2000ms,10,2,4
53,map,"[9935, 7554]",8744.5,3,1100ms,7,2,4
54,map,"[14090, 13570, 6768]",11476.0,1,1500ms,10,3,4
55,map,"[3780, 3651, 3652, 1782]",3216.25,4,400ms,5,4,4
56,map,"[5814, 5479, 5050, 3021]",4841.0,3,600ms,8,4,4
57,sat,"[482, 596, 1203, 163, 165, 80, 152, 86, 187, 458]",357.2,5,1ms,14,10,4
58,sat,"[1360, 1387, 1854, 460, 1035, 344, 1037, 1556]",1129.125,4,110ms,7,8,4
59,sat,"[10009, 10249, 17750]",12669.333333333334,2,850ms,6,3,4
60,sat,"[2460, 2513, 2150, 1997, 1229]",2069.8,3,200ms,8,5,4
61,sat,"[6995, 7235, 11039, 3674]",7235.75,3,600ms,5,4,4
62,sat,"[4644, 4951, 7608, 2574]",4944.25,3,400ms,7,4,4
63,sat,"[23806, 24035]",23920.5,1,2000ms,9,2,4
64,sat,"[18043, 18036]",18039.5,1,1500ms,8,2,4
65,sat,"[12995, 13239, 16916]",14383.333333333334,2,1100ms,8,3,4
66,map,"[187, 6823, 5741]",4250.333333333333,3,850ms,11,3,5
67,map,[6007],6007.0,1,1800ms,7,1,5
68,map,"[4064, 3259, 826, 1163]",2328.0,3,400ms,9,4,5
69,map,"[6632, 5471]",6051.5,2,1100ms,8,2,5
70,map,[],,1,2000ms,4,0,5
71,map,"[1189, 1017, 397, 249, 230, 456]",589.6666666666666,4,110ms,9,6,5
72,map,"[4850, 1217, 2779, 4769]",3403.75,3,600ms,9,4,5
73,map,[84],84.0,1,1500ms,7,1,5
74,map,"[164, 175, 88, 92, 12, 12, 73, 35, 37, 35, 19, 93]",69.58333333333333,5,1ms,8,12,5
75,sat,[],,1,850ms,7,0,5
76,sat,"[572, 593, 1172, 404, 41, 191, 181, 226, 150, 646]",417.6,4,1ms,8,10,5
77,sat,"[1348, 1342, 1879, 469, 461, 685, 1332]",1073.7142857142858,3,110ms,8,7,5
78,sat,"[4639, 2824, 1839]",3100.6666666666665,3,400ms,10,3,5
79,sat,"[9659, 4828]",7243.5,2,600ms,11,2,5
80,sat,[],,1,2000ms,4,0,5
81,sat,"[2465, 2438, 1221, 1940]",2016.0,4,200ms,11,4,5
82,sat,[],,2,1100ms,7,0,5
83,sat,[],,1,1500ms,5,0,5
84,map,[13829],13829.0,2,1800ms,7,1,6
85,map,"[6969, 5427, 3974, 4600]",5242.5,2,600ms,7,4,6
86,map,"[3760, 3690, 1413, 1767]",2657.5,3,400ms,9,4,6
87,map,"[12765, 11777]",12271.0,1,1500ms,7,2,6
88,map,"[155, 160, 85, 92, 38, 13, 22, 26, 10, 31, 25, 117, 105, 25]",64.57142857142857,4,1ms,7,14,6
89,map,"[1103, 1021, 930, 471, 453, 237, 236, 894]",668.125,4,110ms,7,8,6
90,map,[],,1,2000ms,7,0,6
91,map,"[8846, 8922, 3161, 3640]",6142.25,2,1100ms,7,4,6
92,map,"[8278, 7706, 6855]",7613.0,2,850ms,8,3,6
93,sat,"[714, 597, 646, 1039, 357, 249, 114]",530.8571428571429,3,1ms,7,7,6
94,sat,"[13238, 13232]",13235.0,1,1100ms,6,2,6
95,sat,"[16949, 18070]",17509.5,1,1500ms,5,2,6
96,sat,"[1357, 1345, 1835, 471, 933, 472, 1321]",1104.857142857143,4,110ms,8,7,6
97,sat,"[2468, 2452, 3342, 836, 1623, 1419, 3046]",2169.4285714285716,3,200ms,7,7,6
98,sat,"[9968, 10261]",10114.5,3,850ms,6,2,6
99,sat,[24093],24093.0,1,2000ms,7,1,6
100,sat,"[5014, 4839, 6501, 2571]",4731.25,3,400ms,8,4,6
101,sat,"[6965, 7240, 2770]",5658.333333333333,3,600ms,7,3,6
102,map,[20079],20079.0,3,2000ms,4,1,7
103,map,"[7140, 5475]",6307.5,4,600ms,4,2,7
104,map,"[1133, 686]",909.5,4,110ms,4,2,7
105,map,[14776],14776.0,1,1500ms,3,1,7
106,map,"[156, 205, 31, 245, 21, 164, 83, 56, 34, 14, 15, 10, 69, 47, 41, 38, 204, 255, 142, 50, 56, 34, 97]",89.8695652173913,3,1ms,17,23,7
107,map,"[3704, 2556, 2030]",2763.3333333333335,4,400ms,9,3,7
108,map,[11110],11110.0,2,1100ms,3,1,7
109,map,[8542],8542.0,4,850ms,3,1,7
110,map,[],,4,1800ms,8,0,7
111,sat,[],,3,2000ms,9,0,7
112,sat,"[1360, 1930, 1347, 486, 459, 784, 493]",979.8571428571429,4,110ms,13,7,7
113,sat,[10357],10357.0,3,850ms,3,1,7
114,sat,"[5273, 6517]",5895.0,4,400ms,6,2,7
115,sat,[],,3,1500ms,9,0,7
116,sat,"[2443, 8479]",5461.0,4,600ms,7,2,7
117,sat,[],,3,1100ms,5,0,7
118,sat,[3268],3268.0,4,200ms,5,1,7
119,sat,"[480, 605, 487, 595, 13, 772, 204, 198, 111, 97]",356.2,4,1ms,14,10,7
120,map,"[169, 156, 88, 95, 36, 14, 25, 60, 39, 89, 69]",76.36363636363636,5,1ms,6,11,8
121,map,"[2902, 3641, 3269, 1655, 1642, 1965]",2512.3333333333335,2,400ms,8,6,8
122,map,"[5915, 2065]",3990.0,2,600ms,4,2,8
123,map,"[1105, 640, 462, 243]",612.5,4,110ms,7,4,8
124,map,[],,1,2000ms,4,0,8
125,map,[],,1,1500ms,3,0,8
126,map,[],,2,850ms,4,0,8
127,map,[],,2,1100ms,3,0,8
128,map,[],,1,1800ms,4,0,8
129,sat,"[507, 592, 1196, 164, 239, 137, 257, 204, 222]",390.8888888888889,4,1ms,12,9,8
130,sat,[],,1,1500ms,3,0,8
131,sat,"[1353, 1348, 1832, 463, 895, 452]",1057.1666666666667,3,110ms,11,6,8
132,sat,[],,1,2000ms,3,0,8
133,sat,[],,1,850ms,5,0,8
134,sat,"[2429, 2447, 1226, 2469]",2142.75,4,200ms,8,4,8
135,sat,"[4850, 4908]",4879.0,2,400ms,7,2,8
136,sat,"[6770, 7254]",7012.0,1,600ms,4,2,8
137,sat,[],,1,1100ms,4,0,8
138,map,"[4092, 3690, 1005, 453, 1256, 1439, 825, 866, 4258]",1987.111111111111,4,400ms,12,9,9
139,map,"[295, 152, 87, 82, 36, 97, 35, 36, 26, 32, 163, 148]",99.08333333333333,4,1ms,14,12,9
140,map,"[5439, 5486, 3374, 1215, 1212, 1811, 2464, 2771]",2971.5,2,600ms,9,8,9
141,map,[3547],3547.0,2,1100ms,10,1,9
142,map,"[20024, 5838]",12931.0,1,2000ms,14,2,9
143,map,"[1133, 916, 924, 232, 263, 261, 226, 342, 480, 253, 231, 572, 580, 228]",474.35714285714283,3,110ms,12,14,9
144,map,"[6887, 4148, 1717, 3218, 5159]",4225.8,2,850ms,23,5,9
145,map,[18035],18035.0,1,1800ms,10,1,9
146,map,"[5399, 11885]",8642.0,1,1500ms,17,2,9
147,sat,"[13088, 13226]",13157.0,1,1100ms,14,2,9
148,sat,"[4822, 6459, 1622, 2546, 6207]",4331.2,3,400ms,9,5,9
149,sat,"[6969, 7236, 3695]",5966.666666666667,2,600ms,13,3,9
150,sat,"[1386, 1349, 1783, 476, 466, 468, 507, 1235, 456]",902.8888888888889,4,110ms,7,9,9
151,sat,"[18029, 18051]",18040.0,1,1500ms,9,2,9
152,sat,[],,1,2000ms,4,0,9
153,sat,"[570, 594, 1209, 166, 172, 82, 189, 128, 221, 351]",368.2,4,1ms,12,10,9
154,sat,"[10283, 10243, 3415, 12429]",9092.5,1,850ms,11,4,9
155,sat,"[2425, 2448, 2496, 3337, 822, 1211, 1618, 610, 1790]",1861.888888888889,4,200ms,9,9,9
156,map,"[20104, 7688, 7256, 15810]",12714.5,3,2000ms,8,4,10
157,map,"[1263, 154, 88, 92, 12, 12, 28, 41, 80, 38, 16, 31, 13]",143.69230769230768,3,1ms,7,13,10
158,map,"[1023, 1007, 799, 923, 460, 459, 252, 231, 243, 697, 229]",574.8181818181819,4,110ms,11,11,10
159,map,"[11060, 9946]",10503.0,3,1100ms,10,2,10
160,map,"[8531, 7791, 5990, 6856, 1712, 4923]",5967.166666666667,3,850ms,11,6,10
161,map,"[6172, 3671, 4270, 1218, 4855, 1209, 1817]",3316.0,4,600ms,12,7,10
162,map,"[3633, 3624, 3272, 1622, 1203, 1257]",2435.1666666666665,4,400ms,8,6,10
163,map,"[15049, 13529, 11761]",13446.333333333334,3,1500ms,12,3,10
164,map,[],,2,1800ms,9,0,10
165,sat,"[1181, 424, 569, 102, 39, 489, 586, 215, 824, 864, 417, 206, 68, 140, 15, 11, 10, 177, 462]",357.8421052631579,4,1ms,20,19,10
166,sat,"[7226, 7289, 2434, 4820, 3465]",5046.8,3,600ms,7,5,10
167,sat,"[4831, 6705, 3473, 5827]",5209.0,3,400ms,12,4,10
168,sat,"[10297, 4789]",7543.0,3,850ms,15,2,10
169,sat,"[2683, 2271, 2435, 3375, 1623, 1622, 859, 2339]",2150.875,4,200ms,9,8,10
170,sat,"[1364, 1352, 1353, 1832, 487, 496, 937, 1613]",1179.25,4,110ms,10,8,10
171,sat,"[18046, 18028, 25631]",20568.333333333332,2,1500ms,9,3,10
172,sat,"[24049, 24092, 28658]",25599.666666666668,2,2000ms,7,3,10
173,sat,"[14184, 13231, 18574, 16265]",15563.5,4,1100ms,9,4,10
174,map,"[15078, 3178, 7952, 3069, 14902]",8835.8,3,110ms,14,5,11
175,map,"[6680, 1652, 4662]",4331.333333333333,3,600ms,11,3,11
176,map,[],,3,1100ms,9,0,11
177,map,"[4531, 6668]",5599.5,2,850ms,10,2,11
178,map,"[607, 151, 117, 98, 28, 27, 35, 13, 29, 36, 41, 34, 81]",99.76923076923077,4,1ms,9,13,11
179,map,[],,2,1500ms,12,0,11
180,map,[],,2,2000ms,12,0,11
181,map,"[3774, 3027]",3400.5,3,400ms,12,2,11
182,sat,"[591, 645, 1173, 235, 300, 160, 55, 181, 422]",418.0,4,1ms,9,9,11
183,sat,[],,3,1100ms,12,0,11
184,sat,[3438],3438.0,2,600ms,11,1,11
185,sat,"[1329, 1358, 1839, 482, 478, 692, 1552]",1104.2857142857142,4,110ms,13,7,11
186,sat,[],,1,2000ms,11,0,11
187,sat,[],,2,850ms,11,0,11
188,sat,[3792],3792.0,3,400ms,9,1,11
189,sat,[],,2,1500ms,10,0,11
190,map,"[167, 150, 88, 93, 50, 46, 33, 14, 44, 72, 13, 35]",67.08333333333333,4,1ms,6,12,12
191,map,"[1145, 917, 961, 461, 683, 565, 766]",785.4285714285714,4,110ms,7,7,12
192,map,[],,2,1500ms,6,0,12
193,map,[],,2,1100ms,7,0,12
194,map,[5481],5481.0,3,600ms,7,1,12
195,map,[],,2,2000ms,7,0,12
196,map,[],,3,850ms,6,0,12
197,map,"[3856, 2817, 2650]",3107.6666666666665,3,400ms,8,3,12
198,sat,"[483, 593, 1208, 473, 166, 178, 310]",487.2857142857143,4,1ms,7,7,12
199,sat,"[1359, 1844, 477, 1321]",1250.25,4,110ms,7,4,12
200,sat,[7838],7838.0,3,600ms,8,1,12
201,sat,[110],110.0,2,1100ms,8,1,12
202,sat,[],,1,2000ms,6,0,12
203,sat,[],,1,1500ms,8,0,12
204,sat,"[4636, 3826]",4231.0,2,400ms,6,2,12
205,sat,[],,2,850ms,7,0,12
206,map,"[20072, 17907]",18989.5,2,2000ms,22,2,13
207,map,"[4798, 2453, 810, 812, 2336]",2241.8,3,400ms,16,5,13
208,map,[],,2,1100ms,15,0,13
209,map,"[1228, 927, 798, 918, 474, 234, 236, 243, 1101]",684.3333333333334,4,110ms,18,9,13
210,map,"[5773, 3655]",4714.0,3,600ms,20,2,13
211,map,[7109],7109.0,3,850ms,19,1,13
212,map,[],,1,1500ms,15,0,13
213,map,"[920, 17, 88, 93, 33, 53, 17, 21, 53, 33, 67]",126.81818181818181,5,1ms,18,11,13
214,sat,"[484, 598, 645, 279, 86]",418.4,4,1ms,20,5,13
215,sat,[],,1,1100ms,19,0,13
216,sat,[],,2,600ms,22,0,13
217,sat,[],,1,2000ms,24,0,13
218,sat,"[5645, 4921]",5283.0,3,400ms,19,2,13
219,sat,[],,1,850ms,22,0,13
220,sat,[],,1,1500ms,23,0,13
221,sat,"[1365, 1362, 1366, 1850, 935]",1375.6,5,110ms,25,5,13
222,map,"[8536, 7675, 6915, 1717, 2558, 3023, 9906]",5761.428571428572,4,850ms,6,7,14
223,map,[6066],6066.0,4,600ms,3,1,14
224,map,"[1669, 903, 1062, 1015, 804, 931, 350, 230, 249, 229, 567, 572, 692]",713.3076923076923,4,110ms,8,13,14
225,map,"[14773, 9029, 16357]",13386.333333333334,4,1500ms,4,3,14
226,map,"[19266, 18026, 18608, 18188]",18522.0,4,2000ms,7,4,14
227,map,"[10803, 9963, 7831, 3648, 5269]",7502.8,5,1100ms,8,5,14
228,map,"[3776, 3229, 3644, 3288, 894, 1641, 818, 817]",2263.375,5,400ms,8,8,14
229,map,"[150, 158, 90, 97, 17, 23, 21, 15, 35, 26, 66]",63.45454545454545,5,1ms,8,11,14
230,sat,"[497, 446, 478, 482, 324, 184, 65, 204, 218, 402, 222, 388, 180, 484]",326.7142857142857,5,1ms,7,14,14
231,sat,"[9461, 9285]",9373.0,5,850ms,4,2,14
232,sat,[7774],7774.0,5,2000ms,4,1,14
233,sat,"[7236, 6681, 6723, 6562, 5766, 7013, 7032]",6716.142857142857,3,600ms,5,7,14
234,sat,"[4844, 4431, 4450, 4261, 3292]",4255.6,4,400ms,5,5,14
235,sat,[18064],18064.0,4,1500ms,4,1,14
236,sat,"[1277, 1252, 1249, 1236, 1007, 1014, 1199, 1129]",1170.375,4,110ms,6,8,14
237,sat,"[13303, 12196]",12749.5,3,1100ms,5,2,14
238,map,"[6059, 5553, 4931, 2900, 5795]",5047.6,5,600ms,8,5,15
239,map,"[5616, 6016]",5816.0,5,850ms,9,2,15
240,map,[],,4,2000ms,7,0,15
241,map,[8094],8094.0,4,1100ms,9,1,15
242,map,[10338],10338.0,4,1500ms,7,1,15
243,map,"[3770, 3275, 2454, 2681]",3045.0,5,400ms,8,4,15
244,map,"[1097, 1023, 948, 457, 689]",842.8,5,110ms,6,5,15
245,map,"[157, 150, 87, 101, 12, 50, 17, 12, 23, 29, 34, 86, 50, 68]",62.57142857142857,5,1ms,8,14,15
246,sat,[],,1,1500ms,8,0,15
247,sat,"[848, 597, 1206, 163, 512]",665.2,5,1ms,7,5,15
248,sat,"[1353, 1363, 1872, 1175]",1440.75,4,110ms,8,4,15
249,sat,"[7234, 9510, 5844]",7529.333333333333,2,600ms,10,3,15
250,sat,[],,1,2000ms,11,0,15
251,sat,[],,2,850ms,10,0,15
252,sat,[],,3,400ms,9,0,15
253,sat,[],,1,1100ms,14,0,15
254,map,[20039],20039.0,1,2000ms,8,1,16
255,map,"[1368, 165, 245, 275, 164, 99, 103, 19, 39, 11, 22, 22, 32, 83]",189.07142857142858,5,1ms,19,14,16
256,map,[7997],7997.0,1,1100ms,15,1,16
257,map,[],,2,850ms,16,0,16
258,map,"[1128, 919, 798, 925, 231, 251, 256, 228, 461]",577.4444444444445,4,110ms,14,9,16
259,map,"[3762, 3234, 1515, 823, 1975]",2261.8,3,400ms,19,5,16
260,map,"[5789, 5548, 3879, 2783]",4499.75,3,600ms,15,4,16
261,map,[],,1,1500ms,20,0,16
262,sat,[],,1,1500ms,23,0,16
263,sat,"[4612, 5431, 5583]",5208.666666666667,2,400ms,16,3,16
264,sat,[],,2,1100ms,23,0,16
265,sat,"[654, 372, 647, 1039, 163, 114, 146, 108, 178, 224, 148, 455]",354.0,4,1ms,17,12,16
266,sat,"[6977, 5817, 7610]",6801.333333333333,2,600ms,16,3,16
267,sat,[],,1,2000ms,20,0,16
268,sat,[],,1,850ms,23,0,16
269,sat,"[1371, 1353, 1824, 949, 790, 461, 1378]",1160.857142857143,4,110ms,15,7,16
270,map,"[20092, 22083]",21087.5,3,2000ms,9,2,17
271,map,[9431],9431.0,3,850ms,8,1,17
272,map,"[1126, 1031, 788, 921, 256, 252, 232, 465]",633.875,4,110ms,8,8,17
273,map,"[4065, 3639, 1889]",3197.6666666666665,4,400ms,7,3,17
274,map,"[6033, 4422]",5227.5,4,600ms,7,2,17
275,map,[],,2,1500ms,8,0,17
276,map,[10791],10791.0,3,1100ms,9,1,17
277,map,"[1260, 151, 87, 110, 11, 19, 24]",237.42857142857142,5,1ms,7,7,17
278,sat,"[494, 597, 647, 1087, 178, 236, 175]",487.7142857142857,5,1ms,7,7,17
279,sat,[],,2,1100ms,9,0,17
280,sat,"[7229, 9677]",8453.0,3,600ms,9,2,17
281,sat,[],,1,2000ms,20,0,17
282,sat,[],,2,1500ms,15,0,17
283,sat,[],,3,850ms,9,0,17
284,sat,"[1358, 1345, 479, 737]",979.75,5,110ms,8,4,17
285,sat,"[4555, 7873]",6214.0,4,400ms,8,2,17
286,map,"[11057, 8937, 9917, 8845, 8004, 13008]",9961.333333333334,3,1100ms,7,6,18
287,map,"[2434, 952]",1693.0,3,400ms,7,2,18
288,map,"[1128, 685, 461, 233, 472]",595.8,3,110ms,7,5,18
289,map,[],,1,2000ms,8,0,18
290,map,[],,1,1500ms,8,0,18
291,map,"[173, 183, 245, 277, 167, 87, 55, 16, 26, 22, 10]",114.63636363636364,5,1ms,9,11,18
292,map,[2675],2675.0,2,600ms,6,1,18
293,map,[],,1,850ms,6,0,18
294,sat,[],,1,2000ms,8,0,18
295,sat,[],,1,1500ms,8,0,18
296,sat,"[10239, 10438]",10338.5,1,850ms,8,2,18
297,sat,[6499],6499.0,1,600ms,5,1,18
298,sat,[10335],10335.0,1,1100ms,7,1,18
299,sat,[4324],4324.0,2,400ms,6,1,18
300,sat,"[476, 976, 170, 333, 147, 31]",355.5,4,1ms,6,6,18
301,sat,"[1359, 1328, 1237, 1056, 455]",1087.0,4,110ms,6,5,18
302,map,"[15033, 13527, 9045, 11778]",12345.75,4,1500ms,13,4,19
303,map,"[2018, 610, 270, 460, 229]",717.4,4,110ms,10,5,19
304,map,"[4034, 3243, 819, 1625]",2430.25,4,400ms,9,4,19
305,map,"[6032, 1540]",3786.0,3,600ms,11,2,19
306,map,[],,3,2000ms,8,0,19
307,map,"[254, 150, 87, 90, 34, 52, 10, 17]",86.75,4,1ms,7,8,19
308,map,[7450],7450.0,3,850ms,11,1,19
309,map,[8615],8615.0,2,1100ms,7,1,19
310,sat,"[7058, 2846]",4952.0,4,600ms,12,2,19
311,sat,"[476, 602, 1189, 303, 149, 224]",490.5,4,1ms,7,6,19
312,sat,"[1362, 1344, 1847, 472, 806, 788]",1103.1666666666667,4,110ms,9,6,19
313,sat,"[4827, 2883]",3855.0,4,400ms,9,2,19
314,sat,[],,3,850ms,12,0,19
315,sat,[],,1,1500ms,18,0,19
316,sat,[],,1,2000ms,13,0,19
317,sat,[],,1,1100ms,11,0,19
318,map,"[8713, 7706, 6930, 3444, 3266, 8307]",6394.333333333333,4,850ms,6,6,20
319,map,"[5821, 5501, 4939, 1228, 1436]",3785.0,3,600ms,8,5,20
320,map,[14139],14139.0,4,1500ms,7,1,20
321,map,[],,4,1800ms,8,0,20
322,map,"[501, 14, 88, 90, 43, 43, 24, 177, 36, 165]",118.1,4,1ms,6,10,20
323,map,[],,4,2000ms,8,0,20
324,map,"[3641, 3223, 817, 928, 4592]",2640.2,4,400ms,8,5,20
325,map,[],,4,1100ms,8,0,20
326,map,"[1131, 972, 938, 230, 564, 281, 229, 1045]",673.75,4,110ms,7,8,20
327,sat,"[558, 648, 783, 1122, 257, 436, 204, 177, 455, 149, 655]",494.90909090909093,3,1ms,7,11,20
328,sat,"[7012, 9711]",8361.5,3,600ms,7,2,20
329,sat,[],,3,1500ms,9,0,20
330,sat,[],,3,850ms,8,0,20
331,sat,"[4689, 4464, 1769, 4198]",3780.0,4,400ms,8,4,20
332,sat,[26327],26327.0,1,2000ms,9,1,20
333,sat,"[1391, 1237, 1243, 700, 922, 481, 463, 1025]",932.75,3,110ms,8,8,20
334,sat,[4443],4443.0,1,1100ms,8,1,20
335,map,"[18039, 16220, 15953, 16056]",16567.0,2,1800ms,10,4,21
336,map,"[1278, 163, 248, 275, 197, 89, 60, 29, 12, 10, 15]",216.0,4,1ms,8,11,21
337,map,"[7166, 6805, 10799]",8256.666666666666,3,1100ms,9,3,21
338,map,"[4701, 3700, 8302]",5567.666666666667,3,850ms,8,3,21
339,map,"[10161, 7813, 10947]",9640.333333333334,4,2000ms,8,3,21
340,map,[4175],4175.0,4,600ms,6,1,21
341,map,"[2444, 2654, 3778]",2958.6666666666665,4,400ms,4,3,21
342,map,"[8677, 1778, 12856, 1230]",6135.25,4,1500ms,10,4,21
343,map,"[1454, 1011, 939, 501, 232]",827.4,5,110ms,6,5,21
344,sat,"[13130, 13326]",13228.0,2,1100ms,9,2,21
345,sat,[],,2,2000ms,9,0,21
346,sat,"[1369, 1358, 1865, 689, 786, 454]",1086.8333333333333,4,110ms,9,6,21
347,sat,[9632],9632.0,2,850ms,11,1,21
348,sat,"[4850, 4855, 5462]",5055.666666666667,3,400ms,13,3,21
349,sat,"[7037, 7253]",7145.0,3,600ms,7,2,21
350,sat,"[591, 599, 1230, 192, 104, 64, 110]",412.85714285714283,5,1ms,6,7,21
351,sat,"[2440, 2440, 1086, 808]",1693.5,4,200ms,9,4,21
352,sat,[],,1,1500ms,15,0,21
353,map,"[4033, 3627, 2968, 813, 1624, 3377]",2740.3333333333335,3,400ms,7,6,22
354,map,"[7815, 6355, 5118]",6429.333333333333,2,850ms,13,3,22
355,map,[],,3,1800ms,14,0,22
356,map,[],,2,2000ms,13,0,22
357,map,"[316, 93, 94, 44, 13, 11, 17, 13, 27, 13, 35, 19, 44, 31, 86, 50, 77, 55, 101]",59.94736842105263,5,1ms,18,19,22
358,map,"[1122, 1007, 935, 233, 455, 476, 225, 234, 672]",595.4444444444445,4,110ms,10,9,22
359,map,[],,3,1500ms,24,0,22
360,map,[10791],10791.0,3,1100ms,21,1,22
361,map,"[4870, 3118, 1207, 2449, 138]",2356.4,4,600ms,15,5,22
362,sat,"[484, 592, 1167, 161, 115, 199, 113, 11, 181, 228, 184, 460, 385, 179, 421, 246, 619, 735, 202]",351.6842105263158,4,1ms,19,19,22
363,sat,[],,1,2000ms,28,0,22
364,sat,"[2645, 2420, 3321, 814, 808, 818, 1453, 2588]",1858.375,4,200ms,11,8,22
365,sat,[],,1,1500ms,24,0,22
366,sat,"[1558, 1369, 1359, 1850, 450, 485, 783, 567, 785, 679, 347]",930.1818181818181,4,110ms,13,11,22
367,sat,"[4856, 6456, 1637, 1625]",3643.5,4,400ms,15,4,22
368,sat,"[7277, 3658, 8187]",6374.0,3,600ms,15,3,22
369,sat,[13368],13368.0,1,1100ms,17,1,22
370,sat,[],,3,850ms,15,0,22
371,map,"[17215, 14961, 11743]",14639.666666666666,4,1800ms,8,3,23
372,map,"[2196, 1010, 925, 339, 252, 484, 455]",808.7142857142857,4,110ms,10,7,23
373,map,[8746],8746.0,5,850ms,5,1,23
374,map,"[5469, 3644]",4556.5,4,600ms,7,2,23
375,map,"[4067, 3263, 820, 1264, 814]",2045.6,4,400ms,11,5,23
376,map,[9922],9922.0,4,1100ms,8,1,23
377,map,[],,4,2000ms,8,0,23
378,map,"[170, 154, 91, 113, 39, 10, 21, 10, 12]",68.88888888888889,4,1ms,10,9,23
379,map,[12225],12225.0,5,1500ms,9,1,23
380,sat,[],,3,1500ms,10,0,23
381,sat,"[760, 595, 1213, 324, 203, 179, 552]",546.5714285714286,3,1ms,7,7,23
382,sat,[],,4,2000ms,8,0,23
383,sat,"[1371, 1810, 461, 1064, 1551]",1251.4,4,110ms,8,5,23
384,sat,[3035],3035.0,4,600ms,10,1,23
385,sat,"[2428, 1456, 828]",1570.6666666666667,4,200ms,9,3,23
386,sat,"[6115, 4040]",5077.5,4,400ms,7,2,23
387,sat,[],,4,1100ms,8,0,23
388,sat,[],,4,850ms,7,0,23
389,map,"[11077, 6948, 5559, 8934, 4869, 11924]",8218.5,5,1100ms,14,6,24
390,map,"[14403, 14878]",14640.5,4,1500ms,6,2,24
391,map,"[279, 153, 89, 92, 31, 10, 11, 29, 16, 11, 13, 81, 42, 185]",74.42857142857143,5,1ms,8,14,24
392,map,[],,4,2000ms,10,0,24
393,map,[15088],15088.0,5,1800ms,4,1,24
394,map,"[8314, 7678]",7996.0,5,850ms,10,2,24
395,map,"[5763, 5463]",5613.0,4,600ms,4,2,24
396,map,"[3786, 1475, 2985]",2748.6666666666665,5,400ms,8,3,24
397,map,"[1180, 1026, 937, 474, 460, 233, 565]",696.4285714285714,5,110ms,7,7,24
398,sat,[],,3,2000ms,10,0,24
399,sat,[],,4,1500ms,7,0,24
400,sat,[],,3,1100ms,7,0,24
401,sat,[6988],6988.0,4,600ms,4,1,24
402,sat,[],,5,850ms,4,0,24
403,sat,"[2456, 2486]",2471.0,4,200ms,5,2,24
404,sat,"[1362, 1361]",1361.5,4,110ms,4,2,24
405,sat,"[4644, 4883]",4763.5,5,400ms,4,2,24
406,sat,"[625, 299]",462.0,5,1ms,4,2,24
407,map,"[168, 151, 90, 91, 30, 14, 29, 12, 33, 40, 33, 55]",62.166666666666664,3,1ms,9,12,25
408,map,"[1133, 1008, 935, 248, 355, 450]",688.1666666666666,3,110ms,9,6,25
409,map,"[4072, 3618, 2018]",3236.0,3,400ms,7,3,25
410,map,[15024],15024.0,4,1500ms,12,1,25
411,map,"[8942, 10021, 7720, 5665]",8087.0,1,1100ms,12,4,25
412,map,"[6024, 5427, 4281, 2888]",4655.0,2,600ms,10,4,25
413,map,"[20077, 18087]",19082.0,1,2000ms,4,2,25
414,map,[17790],17790.0,1,1800ms,13,1,25
415,map,[],,2,850ms,11,0,25
416,sat,[],,1,2000ms,19,0,25
417,sat,"[1370, 1340, 1801, 466, 472]",1089.8,4,110ms,11,5,25
418,sat,"[475, 594, 647, 1056, 166, 166, 259]",480.42857142857144,5,1ms,13,7,25
419,sat,"[2488, 2781]",2634.5,4,200ms,12,2,25
420,sat,"[4902, 4875]",4888.5,2,400ms,11,2,25
421,sat,[5404],5404.0,1,600ms,16,1,25
422,sat,[],,1,850ms,11,0,25
423,sat,[],,1,1100ms,17,0,25
424,sat,[],,1,1500ms,14,0,25
425,map,"[8566, 7689, 6946, 1713, 1712, 2812, 1729, 2835]",4250.25,4,850ms,13,8,26
426,map,[2206],2206.0,4,1100ms,14,1,26
427,map,[9125],9125.0,4,2000ms,10,1,26
428,map,"[4087, 1851, 2330, 826, 811, 813, 810, 830, 807]",1462.7777777777778,4,400ms,14,9,26
429,map,[],,4,1800ms,7,0,26
430,map,[5826],5826.0,4,1500ms,13,1,26
431,map,"[6063, 3684, 2294, 1222, 6995]",4051.6,3,600ms,8,5,26
432,map,"[1093, 719, 349, 235]",599.0,5,110ms,5,4,26
433,map,"[159, 176, 245, 276, 164, 88, 60, 26, 13, 13, 11, 37, 12, 49, 16]",89.66666666666667,5,1ms,8,15,26
434,sat,[6244],6244.0,4,850ms,19,1,26
435,sat,"[7306, 3011, 7609]",5975.333333333333,4,600ms,8,3,26
436,sat,"[2477, 2431, 1615, 812, 1417]",1750.4,5,200ms,8,5,26
437,sat,"[4826, 4965, 1664, 3011, 2098, 5031]",3599.1666666666665,3,400ms,7,6,26
438,sat,"[654, 425, 779, 619, 166, 67, 194, 16, 155, 46, 179, 305]",300.4166666666667,4,1ms,8,12,26
439,sat,[],,4,2000ms,8,0,26
440,sat,[7264],7264.0,5,1100ms,8,1,26
441,sat,[12785],12785.0,4,1500ms,8,1,26
442,sat,"[1383, 1420, 1386, 485, 460, 496, 344, 457, 1222]",850.3333333333334,4,110ms,10,9,26
443,map,"[4036, 3709, 811, 1442, 1438, 1016, 1616, 2995, 3786]",2316.5555555555557,3,400ms,14,9,27
444,map,"[7844, 5882, 4888]",6204.666666666667,3,850ms,16,3,27
445,map,"[6178, 5431, 5368, 1209]",4546.5,2,600ms,12,4,27
446,map,"[187, 163, 161, 89, 93, 27, 10, 25, 13, 12, 42, 34]",71.33333333333333,4,1ms,12,12,27
447,map,[],,1,1800ms,15,0,27
448,map,[9935],9935.0,3,1100ms,20,1,27
449,map,[],,2,2000ms,19,0,27
450,map,[],,2,1500ms,12,0,27
451,map,"[1160, 925, 677, 797, 919, 457, 491, 247, 343, 659]",667.5,4,110ms,12,10,27
452,sat,"[490, 594, 593, 645, 616, 321, 11, 153, 179, 224, 148, 453]",368.9166666666667,4,1ms,13,12,27
453,sat,"[4029, 4861, 4610]",4500.0,3,400ms,15,3,27
454,sat,"[2052, 2511, 1224, 3259, 612, 816]",1745.6666666666667,3,200ms,20,6,27
455,sat,[],,1,2000ms,17,0,27
456,sat,[],,1,850ms,13,0,27
457,sat,"[1355, 1375, 1358, 1805, 1147, 465, 1334]",1262.7142857142858,4,110ms,13,7,27
458,sat,[],,1,1100ms,19,0,27
459,sat,[],,1,1500ms,23,0,27
460,sat,"[7244, 2667]",4955.5,2,600ms,14,2,27
461,map,"[20043, 16047, 9459, 15792]",15335.25,3,2000ms,16,4,28
462,map,"[9599, 6828, 7699, 6853, 2846, 4940, 3228, 1714, 859]",4951.777777777777,4,850ms,31,9,28
463,map,[10261],10261.0,4,1500ms,23,1,28
464,map,"[1139, 1014, 791, 928, 257, 240, 468, 231, 575, 225]",586.8,5,110ms,13,10,28
465,map,"[14672, 9002, 9671, 2767]",9028.0,4,1800ms,28,4,28
466,map,"[3634, 3623, 2024, 2439, 2231, 2458]",2734.8333333333335,4,400ms,17,6,28
467,map,"[6088, 5538, 3632, 2426, 1220, 1230, 5209]",3620.4285714285716,4,600ms,20,7,28
468,map,"[9152, 7802, 6632, 4770, 2303]",6131.8,3,1100ms,14,5,28
469,map,"[156, 151, 87, 92, 37, 12, 41, 36, 34]",71.77777777777777,5,1ms,18,9,28
470,sat,"[483, 594, 646, 1040, 475, 21, 176, 147, 179, 224, 149, 451, 240, 474, 159]",363.8666666666667,5,1ms,20,15,28
471,sat,"[1363, 1441, 1419, 1854, 898, 456, 463, 1128, 1389, 1259]",1167.0,5,110ms,18,10,28
472,sat,[17783],17783.0,2,1500ms,12,1,28
473,sat,"[2438, 2422, 3284, 820, 1704, 609, 2199, 2744]",2027.5,4,200ms,14,8,28
474,sat,[],,2,2000ms,17,0,28
475,sat,"[4944, 1609, 3170, 2446, 3251, 3781]",3200.1666666666665,3,400ms,19,6,28
476,sat,[12807],12807.0,3,850ms,14,1,28
477,sat,"[7346, 9761, 4546]",7217.666666666667,3,600ms,18,3,28
478,sat,[17483],17483.0,3,1100ms,15,1,28